EngineSize,Horsepower,Length,Weight,Wheelbase
1.2289822,62.7089923,10.1463864,679.7429381,5.8651426
62.7089923,5160.415434,393.5427291,34392.46536,231.3104358
10.1463864,393.5427291,206.1519129,7519.483005,106.1173258
679.7429381,34392.46536,7519.483005,576055.5201,4798.913546
5.8651426,231.3104358,106.1173258,4798.913546,69.0862352
